id_img,label
18341,happy
13176,happy
23945,sadness
15968,happy
18382,happy
8256,happy
21635,sadness
2418,sadness
4515,sadness
27618,sadness
9674,sadness
11539,sadness
25664,sadness
14930,happy
15667,happy
7682,happy
16581,happy
23973,happy
180,happy
13253,happy
25382,happy
16148,happy
21656,happy
11803,sadness
15072,happy
11961,happy
17382,sadness
14261,sadness
3539,sadness
2827,happy
14139,happy
12059,sadness
18734,happy
25703,happy
27738,happy
24609,sadness
20560,happy
6807,happy
7115,sadness
12786,sadness
15312,sadness
24494,sadness
17673,happy
15066,sadness
12951,happy
27063,sadness
26677,happy
26443,happy
16724,happy
24828,sadness
24755,sadness
27128,happy
18767,happy
18427,happy
11553,happy
26993,sadness
17077,sadness
26994,happy
11041,happy
6750,sadness
9714,happy
11152,sadness
8892,sadness
20342,happy
16712,happy
11227,sadness
9192,happy
12772,sadness
9746,happy
23201,happy
26142,happy
12920,happy
25843,sadness
5128,happy
22484,happy
27076,happy
527,happy
27717,sadness
15468,sadness
22466,happy
2514,happy
24743,happy
1834,sadness
14106,sadness
20243,happy
25317,happy
17595,happy
11332,sadness
13715,happy
8714,happy
5936,sadness
23154,sadness
2449,sadness
22071,happy
9984,sadness
11833,sadness
13819,happy
27484,sadness
24355,happy
16835,sadness
12591,sadness
10120,happy
27956,sadness
8251,happy
13368,sadness
27140,happy
20937,happy
23489,happy
22002,happy
11681,sadness
11516,happy
14133,happy
15868,sadness
10547,happy
23409,sadness
6529,sadness
7808,happy
26600,sadness
25096,happy
11230,happy
28140,sadness
13985,happy
25282,sadness
27324,happy
16192,sadness
7000,sadness
20232,sadness
26290,happy
3951,sadness
21486,happy
7573,happy
19620,happy
9318,happy
8641,sadness
8544,sadness
20576,happy
12426,happy
10157,sadness
21375,happy
5070,sadness
15274,happy
6696,happy
9932,happy
15183,sadness
8028,happy
456,happy
20964,sadness
17905,happy
12653,happy
14332,happy
8923,sadness
15288,sadness
5004,sadness
25,happy
18231,happy
12773,happy
13968,sadness
12739,happy
3752,happy
14102,sadness
17747,sadness
20425,happy
25240,sadness
17488,happy
17499,sadness
14658,happy
7870,happy
16327,sadness
139,happy
18186,happy
22604,happy
10469,happy
24198,happy
20175,sadness
25275,sadness
18805,sadness
20054,happy
5183,happy
8911,happy
9180,happy
11049,sadness
28574,sadness
580,sadness
8886,sadness
19168,happy
3649,sadness
19851,sadness
25004,happy
13261,happy
22828,sadness
25935,sadness
27613,sadness
10176,sadness
24867,sadness
18165,happy
14280,happy
15508,happy
24019,sadness
25364,sadness
9740,happy
12239,happy
2342,happy
21795,happy
4940,sadness
11122,happy
9517,sadness
14074,happy
14800,sadness
22335,sadness
23214,sadness
2576,sadness
20321,sadness
2197,happy
11989,happy
10425,sadness
28465,sadness
14472,sadness
19367,sadness
23220,sadness
7430,happy
14070,happy
14245,happy
9744,happy
25407,happy
19241,happy
19892,happy
14655,sadness
21406,happy
15479,happy
7579,happy
13026,happy
26903,sadness
3922,sadness
11819,sadness
23923,happy
21691,happy
10140,happy
20784,sadness
9576,sadness
15589,happy
27283,happy
12725,happy
17977,sadness
23383,happy
24498,sadness
21344,happy
16699,happy
127,sadness
5744,sadness
21527,happy
17079,happy
11795,sadness
10283,sadness
15067,happy
27143,happy
28337,happy
23088,happy
23279,happy
20909,sadness
17494,sadness
23779,sadness
5336,happy
16174,sadness
17300,happy
4949,sadness
19493,happy
24773,sadness
27102,happy
9067,sadness
2048,happy
9197,sadness
3385,sadness
12246,happy
14233,happy
8372,happy
24425,happy
23712,sadness
21006,happy
9332,happy
16820,sadness
14032,sadness
26797,happy
12686,happy
26445,sadness
8418,happy
24222,happy
623,happy
23374,sadness
15053,happy
24545,sadness
18782,happy
15877,happy
3271,happy
23573,happy
14275,happy
25951,sadness
13365,happy
21710,happy
26406,happy
6330,happy
18320,sadness
20830,sadness
17202,sadness
19946,sadness
16088,sadness
19459,sadness
22051,sadness
16443,happy
19285,sadness
6866,sadness
20165,happy
19530,happy
25205,sadness
26837,sadness
24465,happy
9534,happy
23024,happy
12804,happy
14328,happy
28309,happy
19385,sadness
10829,sadness
20138,happy
22262,happy
27185,happy
3118,sadness
19616,happy
2658,sadness
14588,happy
6824,sadness
22639,sadness
14442,happy
26270,sadness
5892,sadness
27213,sadness
26249,happy
21426,happy
21529,happy
19409,sadness
21678,sadness
17518,sadness
10640,sadness
16715,happy
25832,sadness
15171,sadness
23380,happy
26558,sadness
3846,sadness
27513,happy
8217,sadness
21324,sadness
26011,happy
24319,sadness
8851,happy
12438,happy
27417,happy
20323,sadness
20733,happy
24112,sadness
11351,sadness
26761,happy
12130,sadness
19827,sadness
9917,happy
18308,happy
26870,happy
21469,happy
15939,happy
9042,happy
24524,happy
12103,happy
26383,happy
17326,happy
6640,sadness
27097,sadness
19449,happy
21177,happy
5581,sadness
27695,happy
17498,happy
2618,sadness
25351,sadness
1943,sadness
12174,happy
11701,sadness
21162,sadness
8012,happy
21760,happy
23359,sadness
20727,happy
25438,sadness
10400,happy
12387,happy
6646,sadness
8039,sadness
18316,happy
14109,sadness
19646,sadness
12057,sadness
11477,sadness
22117,sadness
453,happy
24099,happy
13846,happy
752,sadness
21884,happy
13222,sadness
25777,sadness
12590,happy
23897,happy
19568,happy
14038,happy
635,happy
26781,sadness
23853,sadness
23339,happy
10187,happy
18383,happy
16040,happy
11880,sadness
16004,sadness
2775,sadness
7317,happy
13760,happy
13011,happy
6706,happy
10713,sadness
22878,sadness
6354,sadness
14250,happy
28118,sadness
17011,sadness
13127,sadness
10422,happy
18144,sadness
7122,sadness
23864,happy
10341,happy
24352,sadness
18843,happy
26888,happy
475,sadness
23776,happy
28291,sadness
12220,sadness
14809,sadness
27014,happy
7714,happy
14119,happy
19965,happy
21019,happy
3469,sadness
20626,happy
9708,happy
20125,happy
25259,happy
145,happy
24459,sadness
25675,sadness
27663,happy
28420,sadness
25961,sadness
28350,sadness
2187,sadness
26801,happy
3492,sadness
15228,sadness
21303,happy
27402,happy
7564,sadness
22728,sadness
20850,happy
22120,happy
27121,sadness
25744,sadness
13051,happy
23580,sadness
2679,happy
18127,happy
11142,happy
20679,happy
13473,happy
14345,happy
17426,happy
19858,sadness
6539,sadness
9057,happy
13366,happy
2698,sadness
366,happy
7763,happy
25839,happy
23073,happy
27265,happy
26983,happy
11384,sadness
22778,sadness
24499,sadness
16407,happy
26007,happy
16393,happy
9063,happy
11207,sadness
22343,sadness
10089,happy
13575,sadness
16710,sadness
9492,sadness
21546,happy
21713,happy
26769,happy
24386,happy
234,happy
18959,sadness
22495,sadness
1896,sadness
13294,sadness
4860,happy
9929,happy
17972,happy
1706,sadness
21966,sadness
28272,happy
3360,happy
21058,happy
2008,sadness
19952,happy
19578,sadness
10383,happy
20218,happy
14334,happy
26709,happy
25395,happy
15685,happy
8484,happy
6376,happy
23013,happy
20749,happy
26869,happy
18454,happy
8479,happy
318,sadness
12757,sadness
13000,sadness
8753,happy
348,happy
24656,happy
24823,happy
14533,sadness
16151,sadness
20735,happy
14618,happy
24786,happy
408,happy
20260,sadness
13878,happy
24633,happy
16579,sadness
15365,happy
16908,happy
24488,sadness
22401,happy
7018,happy
1751,sadness
17306,sadness
19865,happy
22622,happy
13693,happy
24776,happy
6868,happy
20829,sadness
26950,happy
18392,sadness
11799,happy
25257,sadness
18711,happy
20176,happy
18255,happy
7563,happy
21583,sadness
22011,sadness
18820,happy
23288,happy
26543,happy
9904,happy
4603,sadness
162,happy
22364,sadness
12260,sadness
20558,sadness
23685,happy
20202,sadness
15697,sadness
24173,sadness
16782,happy
9028,sadness
14833,happy
16849,happy
8226,happy
12868,sadness
22371,sadness
8960,happy
13332,sadness
20322,happy
10632,happy
6047,sadness
24534,sadness
23710,happy
24153,happy
7287,sadness
11662,sadness
24796,sadness
22032,sadness
2714,sadness
23740,sadness
19002,sadness
18126,sadness
12415,happy
18867,happy
27436,happy
19817,happy
26230,sadness
23979,sadness
4192,sadness
23612,happy
15077,happy
23354,happy
7685,sadness
14048,sadness
23499,sadness
19206,happy
17539,happy
26593,sadness
21513,happy
11254,happy
16799,happy
24055,happy
9447,happy
26830,happy
1724,sadness
13977,happy
8686,sadness
20210,sadness
21306,happy
8294,happy
9841,sadness
11063,sadness
19489,happy
21294,sadness
1598,sadness
23089,sadness
5882,sadness
16541,happy
12861,happy
11091,happy
10871,sadness
25658,happy
20780,happy
15619,happy
17406,happy
22566,sadness
23432,sadness
15397,happy
13454,happy
11726,sadness
27135,sadness
25676,happy
2249,happy
15846,happy
21378,sadness
8026,sadness
17726,sadness
8480,happy
32,sadness
6978,happy
23807,happy
24219,happy
17286,happy
20685,happy
3149,happy
21238,happy
20502,happy
18406,happy
18076,happy
21931,sadness
26501,sadness
28290,happy
19096,happy
14625,happy
13412,happy
23829,happy
1314,sadness
14343,sadness
1931,sadness
20151,happy
26867,happy
22768,happy
27220,sadness
339,sadness
13945,happy
19625,sadness
22448,sadness
24382,happy
11046,sadness
10670,sadness
12318,happy
11520,sadness
17950,sadness
23925,happy
26819,happy
5409,sadness
18666,happy
8572,happy
2815,sadness
19699,happy
19279,happy
6039,sadness
25159,happy
10561,sadness
25986,happy
927,happy
13907,happy
8093,sadness
15319,happy
20906,sadness
24381,happy
25170,sadness
9625,sadness
9910,happy
9003,happy
20722,sadness
22569,happy
24891,happy
8395,happy
17068,happy
16749,sadness
23417,happy
28536,happy
22966,happy
19371,happy
19336,happy
16314,happy
24274,happy
22493,happy
28242,sadness
10083,happy
28090,happy
16532,happy
21291,happy
13766,sadness
1481,sadness
21481,sadness
24986,sadness
14516,happy
27354,happy
22057,sadness
14320,sadness
23711,sadness
15203,sadness
18722,happy
22950,happy
16791,happy
24766,happy
16203,sadness
12379,happy
17556,happy
10880,happy
18675,sadness
12705,sadness
4177,sadness
19930,happy
18726,happy
14122,happy
19514,happy
8467,happy
26791,sadness
21266,sadness
26201,happy
28171,sadness
24521,happy
10218,happy
25500,sadness
11752,happy
25430,happy
10514,happy
23789,happy
3477,happy
15640,happy
26222,happy
27320,happy
4153,sadness
20488,sadness
25463,happy
5862,sadness
16258,sadness
11897,happy
10502,happy
20040,happy
11260,happy
21519,sadness
22631,sadness
17740,happy
8773,sadness
7741,sadness
424,sadness
1030,sadness
15024,happy
19487,sadness
10078,sadness
2530,happy
25947,happy
25602,happy
24561,happy
21040,sadness
4400,happy
458,happy
2671,sadness
23832,happy
12190,happy
15507,happy
8584,sadness
24115,happy
20181,sadness
22865,happy
17545,sadness
13361,happy
14491,sadness
18196,happy
12878,sadness
27848,happy
20401,sadness
8106,happy
16511,happy
10665,happy
21389,happy
7702,happy
15980,sadness
14684,happy
17086,sadness
3762,sadness
11035,sadness
10231,sadness
18421,happy
13832,sadness
21942,happy
22543,happy
12345,sadness
11838,happy
21194,sadness
17872,happy
27708,happy
20658,happy
2966,happy
8876,sadness
10153,happy
18549,sadness
8861,happy
21582,happy
13546,happy
22470,happy
8507,happy
20566,happy
2467,sadness
16622,sadness
8821,happy
5689,sadness
26459,happy
16991,happy
24997,happy
21518,happy
23016,sadness
19001,sadness
27887,sadness
13818,sadness
7724,happy
23875,happy
14059,happy
6541,sadness
7569,happy
19366,sadness
23472,happy
11800,sadness
18520,happy
7642,sadness
10537,happy
10546,sadness
10806,sadness
3033,sadness
10432,happy
19592,sadness
21428,sadness
10860,sadness
3062,happy
8981,sadness
14285,happy
13346,sadness
8908,sadness
13093,sadness
7467,sadness
14729,sadness
5798,sadness
24234,sadness
16957,happy
22829,happy
7940,happy
26205,happy
172,sadness
16368,sadness
20975,sadness
17203,happy
14301,sadness
23518,sadness
20362,sadness
16837,happy
25475,sadness
19862,sadness
5348,sadness
17080,sadness
28132,happy
26430,sadness
12818,sadness
26510,happy
16227,happy
24833,happy
20005,happy
2087,sadness
19148,happy
9086,happy
28409,happy
22870,happy
24367,happy
18847,happy
16595,happy
24860,sadness
26752,happy
6210,sadness
8561,sadness
15875,happy
15243,sadness
18537,sadness
24385,sadness
12346,sadness
15006,sadness
15269,happy
19062,happy
18349,sadness
24410,sadness
14714,happy
13105,happy
20170,sadness
22618,sadness
26591,happy
7532,happy
25204,happy
5970,sadness
26071,sadness
21036,happy
27005,sadness
28688,happy
10332,sadness
12197,sadness
19074,happy
9914,happy
18151,happy
18153,happy
9825,sadness
3769,happy
21425,happy
10735,sadness
7501,sadness
20155,happy
20966,happy
14700,happy
24144,happy
17136,happy
3463,sadness
8918,sadness
21632,sadness
12065,sadness
8651,sadness
26855,happy
10428,happy
17686,sadness
3317,happy
8449,happy
1364,happy
8242,happy
10844,sadness
24645,sadness
7743,happy
17003,sadness
8157,sadness
12956,happy
8756,happy
11073,sadness
13180,sadness
22866,sadness
11621,happy
18578,happy
10114,happy
24436,sadness
10864,happy
25105,sadness
11808,happy
25850,happy
27162,happy
6897,sadness
21115,happy
18872,sadness
12558,sadness
631,happy
25231,sadness
18244,happy
27038,happy
4505,sadness
10856,happy
17220,happy
23697,sadness
6964,sadness
14725,sadness
20315,happy
12916,happy
26371,happy
380,happy
22724,sadness
5903,sadness
28523,happy
9794,sadness
13073,happy
26128,happy
13156,happy
18925,sadness
21185,happy
23575,happy
18424,sadness
8562,sadness
21738,happy
20219,happy
990,sadness
26995,sadness
11835,happy
11957,happy
3125,sadness
12164,happy
9469,happy
12550,sadness
14254,happy
839,sadness
21005,sadness
10074,happy
24614,happy
19261,sadness
12158,sadness
7269,sadness
20341,happy
11806,happy
20072,happy
10637,happy
6128,sadness
13873,happy
15460,happy
1348,sadness
15516,sadness
27504,sadness
9294,happy
18246,happy
14746,happy
20656,sadness
25368,sadness
7212,sadness
9542,happy
28396,happy
15477,happy
11909,happy
25757,sadness
24610,sadness
20324,happy
7662,happy
18789,sadness
2950,sadness
10794,sadness
23865,sadness
27596,sadness
5847,sadness
13373,sadness
5123,sadness
18090,sadness
8551,sadness
11116,sadness
13060,sadness
11998,happy
12372,happy
22149,sadness
18503,happy
2609,sadness
6142,sadness
63,happy
8087,happy
18297,happy
11380,sadness
12301,sadness
25068,sadness
23567,sadness
22539,sadness
22323,happy
7619,sadness
426,sadness
7151,sadness
7782,sadness
13583,sadness
17175,sadness
24,sadness
10313,sadness
23572,happy
18414,happy
23001,sadness
8495,sadness
3403,sadness
2802,sadness
13570,happy
14749,sadness
26339,happy
10039,happy
14922,sadness
10128,happy
7731,happy
21897,sadness
10870,happy
25644,sadness
11192,sadness
8879,sadness
4395,sadness
19282,happy
10996,happy
24648,happy
14136,sadness
17356,happy
15423,happy
7623,sadness
10648,happy
10416,sadness
17257,sadness
23451,happy
4281,happy
15606,sadness
1937,happy
13091,sadness
12306,happy
25184,happy
12191,happy
16170,sadness
17542,happy
6324,sadness
17097,sadness
21198,sadness
6264,sadness
11330,sadness
24866,happy
4736,sadness
22141,happy
6022,sadness
17098,happy
17953,sadness
25666,happy
8391,happy
21096,happy
16129,sadness
27719,sadness
9013,sadness
730,happy
7540,happy
7848,sadness
17748,sadness
25186,happy
12526,happy
14238,happy
21842,sadness
12157,happy
9322,happy
5261,sadness
19026,happy
13598,happy
13444,happy
21892,happy
14823,happy
14236,happy
14673,happy
910,sadness
12658,sadness
9269,happy
15964,sadness
3339,sadness
4697,sadness
8322,happy
28033,sadness
14766,happy
23675,sadness
16426,happy
13641,sadness
27940,happy
9382,sadness
27517,sadness
25734,sadness
26641,sadness
284,happy
20445,happy
2964,sadness
21450,sadness
3618,sadness
27182,happy
688,sadness
13015,happy
2451,sadness
3495,sadness
7044,sadness
19772,happy
2690,happy
13385,happy
1329,sadness
18955,happy
9280,sadness
9476,happy
12066,happy
18673,happy
18340,happy
10366,sadness
3885,sadness
15517,happy
28034,happy
4874,sadness
10919,sadness
18906,sadness
14649,sadness
21414,sadness
19460,sadness
22831,happy
20469,sadness
25357,happy
17661,happy
14683,happy
19428,sadness
18746,happy
14078,sadness
24577,sadness
22736,happy
9875,happy
25232,happy
16347,happy
22803,sadness
17014,sadness
21488,sadness
9158,sadness
24596,happy
3316,sadness
23092,sadness
27305,sadness
27953,sadness
13637,happy
2459,happy
15690,happy
16274,sadness
13406,happy
23430,happy
13027,sadness
9845,sadness
17684,sadness
20440,sadness
11853,sadness
15528,sadness
6671,sadness
23723,sadness
22546,happy
3019,sadness
24026,happy
20869,happy
26410,sadness
13812,sadness
9974,sadness
7339,sadness
6312,sadness
26257,happy
22405,happy
14988,sadness
27629,sadness
8958,happy
11478,happy
22780,happy
14470,happy
539,sadness
13276,sadness
11939,sadness
14374,sadness
9895,sadness
1031,happy
15420,happy
15948,happy
7895,sadness
21534,happy
18011,sadness
13249,sadness
18600,happy
9328,sadness
17743,sadness
19006,sadness
27228,happy
5177,sadness
9426,sadness
15710,happy
14795,sadness
19821,sadness
14975,happy
24126,sadness
3947,sadness
10865,sadness
2546,sadness
22984,happy
28516,sadness
10248,happy
7556,happy
800,sadness
18213,happy
14384,sadness
607,sadness
27739,happy
20122,happy
27401,sadness
6832,happy
17579,happy
12051,sadness
27643,happy
12297,happy
9172,happy
1408,happy
16025,happy
10753,sadness
7989,happy
21927,happy
14355,happy
19274,sadness
17470,happy
27449,sadness
19117,happy
22225,happy
10225,happy
5841,sadness
18264,happy
14474,happy
124,happy
626,happy
2339,sadness
21473,happy
9538,happy
17037,happy
12995,sadness
2138,sadness
6720,sadness
11172,happy
8607,happy
204,sadness
11720,happy
5975,sadness
10671,sadness
12822,sadness
15884,sadness
11640,happy
11703,sadness
22365,happy
20352,happy
12166,happy
511,happy
14134,sadness
24949,sadness
11501,sadness
7806,happy
12185,sadness
27460,happy
9652,happy
24442,happy
26415,happy
13630,happy
24732,happy
17680,happy
11326,sadness
28138,happy
19695,happy
27227,happy
19015,sadness
19621,sadness
14090,happy
21829,sadness
26716,sadness
8696,happy
20279,happy
15682,happy
28212,sadness
11012,sadness
142,sadness
6786,sadness
5569,sadness
13859,happy
20716,happy
25578,happy
1921,sadness
21087,happy
15163,happy
5435,sadness
16876,happy
12614,happy
7705,sadness
7730,sadness
232,happy
27179,happy
14836,sadness
8913,happy
15992,sadness
20240,sadness
3263,sadness
6434,sadness
18045,sadness
12428,happy
22271,sadness
27495,sadness
27357,sadness
17675,sadness
17219,happy
15326,sadness
1405,sadness
22594,happy
7850,sadness
10983,sadness
22256,happy
12324,sadness
67,happy
14785,sadness
20638,happy
23029,happy
27810,happy
3881,sadness
24879,happy
26242,happy
18442,happy
27175,happy
8304,sadness
12078,happy
13628,sadness
11489,happy
3910,happy
2365,sadness
9114,happy
25568,sadness
16679,sadness
27204,sadness
25087,sadness
26502,happy
9009,happy
18714,happy
3381,sadness
3508,sadness
12349,happy
11234,happy
17621,happy
22449,sadness
9545,happy
13674,sadness
7179,sadness
27952,happy
27621,happy
11923,sadness
21947,happy
4298,sadness
8307,sadness
13181,sadness
14014,happy
19035,sadness
25251,happy
8129,happy
1139,sadness
3205,sadness
15389,sadness
437,happy
26423,sadness
9588,sadness
6188,sadness
15453,happy
20994,happy
12790,sadness
13755,sadness
11826,sadness
22712,sadness
23165,sadness
23933,happy
24416,happy
10447,happy
8552,sadness
5308,sadness
19861,sadness
3154,sadness
13906,sadness
20522,happy
2573,sadness
21127,happy
11088,sadness
18944,happy
25470,happy
9255,happy
15792,happy
12659,sadness
16827,happy
23322,sadness
14757,happy
19775,happy
20347,sadness
9246,happy
19339,happy
11792,sadness
7375,happy
27197,happy
10347,happy
22910,happy
15118,happy
21474,sadness
11419,happy
26748,happy
17664,sadness
24079,happy
17784,sadness
19826,sadness
6719,sadness
24618,sadness
23721,sadness
19426,happy
20032,happy
10229,happy
15891,happy
9819,sadness
641,happy
15867,sadness
23115,sadness
26511,happy
11620,happy
24150,happy
24183,happy
10454,sadness
23407,sadness
20667,happy
27078,happy
16818,happy
20781,happy
6544,sadness
4273,happy
22413,sadness
18939,sadness
26959,sadness
12296,sadness
18755,happy
549,happy
16171,happy
13643,happy
15561,happy
20809,sadness
8041,happy
25738,happy
11333,happy
20787,happy
24363,sadness
5431,sadness
18576,happy
21827,sadness
4005,sadness
25747,happy
21769,happy
17022,happy
3767,sadness
21837,sadness
19791,happy
25617,sadness
23508,happy
11221,happy
27384,happy
14228,happy
98,sadness
13854,sadness
9928,sadness
11080,sadness
21172,sadness
9944,happy
7603,happy
8903,happy
24976,sadness
5137,sadness
8490,happy
12944,sadness
9341,sadness
12902,sadness
13435,happy
5588,sadness
28307,happy
2035,sadness
25080,sadness
3328,sadness
21914,sadness
20930,happy
8188,happy
1926,sadness
20772,sadness
17576,happy
11508,happy
28344,sadness
25067,happy
17588,happy
23210,happy
10610,sadness
13762,sadness
8988,happy
7208,sadness
24864,happy
12734,sadness
10485,happy
8657,happy
15371,happy
12721,sadness
153,happy
4773,sadness
23110,sadness
13120,happy
21592,happy
4315,sadness
23648,sadness
10876,happy
9338,sadness
7817,happy
14322,happy
14145,happy
9139,sadness
12092,happy
17682,happy
18886,sadness
7566,sadness
8117,happy
14458,happy
14273,sadness
28249,happy
9448,sadness
15349,happy
25873,happy
25972,happy
16688,sadness
18689,sadness
19679,sadness
19555,sadness
21524,happy
11851,sadness
16683,happy
7436,sadness
18572,happy
23316,happy
27671,happy
125,happy
14475,happy
21996,sadness
7815,happy
14459,sadness
3418,sadness
4594,happy
9900,happy
26470,sadness
28,happy
6173,sadness
9946,sadness
22208,sadness
7747,happy
8962,sadness
8758,happy
9111,sadness
8442,sadness
13888,sadness
9171,sadness
14996,sadness
16596,happy
12061,happy
25279,happy
24885,sadness
9903,happy
16542,happy
17432,sadness
21297,happy
27585,sadness
20836,happy
28427,happy
15554,sadness
25420,happy
13749,happy
4909,sadness
13381,happy
9374,happy
13509,happy
13049,happy
9284,happy
7058,happy
16762,happy
12521,happy
9986,sadness
24140,happy
8649,sadness
28697,happy
21208,sadness
7071,happy
25705,happy
26491,sadness
2748,sadness
19478,sadness
23075,happy
15927,sadness
17694,happy
16460,sadness
14572,sadness
24628,happy
21540,sadness
19518,sadness
12286,happy
26832,happy
3390,happy
20002,happy
12447,happy
25672,happy
25753,sadness
21748,sadness
16665,happy
25936,happy
13848,happy
19933,happy
22589,happy
24588,happy
17711,happy
12077,happy
17482,sadness
8238,happy
20923,sadness
10685,sadness
17604,happy
5494,sadness
23121,sadness
14065,sadness
20431,happy
22925,sadness
28040,happy
26550,sadness
6563,sadness
14350,happy
10688,happy
3770,happy
4164,happy
23671,happy
291,sadness
23934,sadness
14840,happy
11700,sadness
15382,happy
21677,happy
9350,happy
23442,happy
13063,happy
27246,happy
10574,happy
17237,happy
23670,sadness
21602,sadness
16994,happy
19393,happy
26731,sadness
9326,sadness
8652,happy
1144,sadness
22112,happy
18952,happy
28597,happy
14718,sadness
866,sadness
22544,sadness
14656,happy
19069,sadness
11162,happy
14693,happy
1494,sadness
6659,sadness
18951,sadness
15159,happy
11790,happy
21456,happy
20428,happy
12837,sadness
16438,sadness
14734,happy
13761,sadness
1580,sadness
3141,sadness
16951,sadness
20307,sadness
187,happy
17128,sadness
4112,sadness
10752,happy
22454,happy
3611,sadness
22608,happy
22021,happy
3126,sadness
24045,happy
16549,sadness
22301,sadness
17229,happy
21961,sadness
26676,happy
11766,happy
309,happy
22541,sadness
19383,sadness
19728,happy
9033,happy
20235,happy
7252,sadness
19700,happy
23621,sadness
20529,happy
21339,sadness
8864,happy
24999,sadness
17130,happy
16154,happy
14581,happy
6628,sadness
25142,happy
19716,sadness
20481,happy
1356,sadness
628,sadness
20380,sadness
8896,sadness
10070,sadness
24728,happy
22115,sadness
9112,happy
7615,sadness
26621,happy
9279,happy
9214,sadness
18698,sadness
19760,happy
8316,happy
18051,sadness
822,sadness
1713,sadness
27645,happy
27389,sadness
26940,sadness
24670,happy
14340,happy
16136,happy
17525,sadness
4528,sadness
25135,happy
16357,sadness
26632,happy
24550,sadness
8847,happy
27716,sadness
23010,happy
8437,sadness
23298,happy
20523,happy
20631,sadness
213,happy
7095,sadness
25505,happy
14600,sadness
16729,happy
14222,sadness
23827,happy
10765,sadness
8461,sadness
14155,sadness
8709,happy
25567,happy
11874,happy
1138,happy
20039,happy
25252,happy
23901,sadness
10164,sadness
16108,happy
15058,sadness
9766,happy
26532,sadness
13571,sadness
27349,sadness
18225,happy
21617,happy
447,happy
306,sadness
25588,sadness
25356,happy
18929,happy
16495,happy
13883,happy
14743,happy
478,sadness
13655,happy
19172,happy
22219,sadness
12295,sadness
4000,happy
16126,sadness
10724,happy
18681,sadness
19940,happy
6856,sadness
8658,happy
27271,sadness
28474,sadness
25398,sadness
26105,sadness
19461,sadness
15758,sadness
16315,happy
24951,happy
14488,sadness
7666,happy
19894,happy
28415,sadness
22093,sadness
19510,sadness
8853,sadness
21412,happy
14449,sadness
27083,happy
6673,happy
10478,happy
24652,happy
14388,sadness
17612,sadness
25337,happy
28253,sadness
17692,happy
13558,happy
17620,happy
11504,happy
54,sadness
13423,sadness
104,sadness
9800,sadness
10081,happy
10691,happy
15169,happy
19037,happy
17623,happy
899,happy
3741,sadness
14972,happy
16949,sadness
22487,happy
28615,sadness
13618,happy
18457,sadness
11722,happy
9160,happy
19315,sadness
25285,happy
11697,happy
12830,happy
13490,sadness
24918,sadness
19191,happy
15648,happy
8828,happy
22591,sadness
11081,happy
28043,sadness
11761,happy
20661,sadness
22836,sadness
24102,happy
15616,happy
12581,happy
24100,happy
2313,sadness
15447,happy
25127,sadness
27580,happy
2676,happy
1331,happy
15558,happy
24530,happy
10480,sadness
13765,sadness
26578,happy
25963,sadness
19842,sadness
7923,happy
13774,happy
8524,happy
21566,sadness
15940,sadness
17807,sadness
6904,sadness
8613,happy
27552,happy
21883,happy
28426,happy
22210,happy
25469,happy
19652,happy
20012,happy
26535,happy
12193,happy
11595,sadness
24522,happy
9078,happy
8148,happy
24582,sadness
25476,sadness
1532,happy
22044,happy
13704,happy
4261,sadness
23335,sadness
13984,sadness
1923,sadness
14522,sadness
24384,sadness
20657,happy
25932,sadness
12791,sadness
8397,happy
23439,sadness
10141,sadness
6170,sadness
16612,happy
17117,happy
10578,happy
17360,happy
22067,sadness
11287,sadness
20228,happy
6485,happy
26668,sadness
4534,sadness
21521,happy
2777,happy
19718,happy
18783,happy
24304,sadness
23938,happy
14364,sadness
19049,sadness
25819,happy
13040,happy
296,happy
15154,happy
15624,happy
11238,sadness
23132,happy
27959,happy
25277,sadness
27501,happy
9001,sadness
2912,sadness
23788,happy
14405,happy
2944,sadness
11048,sadness
21612,happy
20583,happy
6922,happy
23429,happy
27073,sadness
12775,happy
18853,happy
13718,sadness
25063,happy
8276,happy
5534,sadness
26529,sadness
23438,sadness
20887,sadness
27056,sadness
21356,sadness
11702,happy
16550,happy
16795,happy
11495,sadness
20348,happy
16042,happy
27788,sadness
21773,happy
28508,happy
24142,happy
14940,happy
24519,sadness
17346,happy
15866,sadness
23978,happy
13625,sadness
28367,sadness
20309,happy
16808,happy
19451,sadness
19610,sadness
11398,happy
17447,happy
27256,sadness
9268,happy
19246,happy
16372,happy
26220,sadness
8205,sadness
23269,sadness
10471,sadness
19265,sadness
4032,sadness
9487,happy
15983,happy
12599,happy
21255,happy
26878,happy
17521,sadness
26943,sadness
9407,happy
28696,sadness
17617,sadness
20326,happy
25445,sadness
27116,happy
19044,sadness
2538,sadness
26258,happy
8339,happy
18027,happy
5380,happy
15338,happy
14593,happy
22099,sadness
25943,sadness
28255,happy
23510,sadness
23699,happy
25465,happy
11402,sadness
9169,happy
24251,happy
4237,sadness
390,sadness
13990,sadness
24947,sadness
15073,happy
10179,sadness
9166,happy
27420,sadness
7039,sadness
9706,happy
9959,happy
4230,sadness
166,sadness
4872,sadness
6464,sadness
22040,sadness
21467,sadness
16035,sadness
11149,sadness
20919,sadness
9147,happy
19934,sadness
7310,happy
26638,happy
19558,sadness
23105,sadness
28220,happy
17380,happy
10888,sadness
25380,happy
18342,sadness
25694,happy
25141,sadness
2892,happy
24305,happy
11658,happy
22003,sadness
20196,happy
7301,happy
12892,sadness
27322,happy
10094,sadness
11026,sadness
11273,happy
18187,happy
21702,happy
27873,sadness
14086,happy
13115,sadness
27399,happy
18550,sadness
21134,happy
21980,sadness
8174,happy
8639,sadness
19377,happy
3394,sadness
24301,happy
16703,happy
844,sadness
15660,happy
2751,sadness
2457,sadness
2607,sadness
14888,happy
26579,happy
7664,happy
24340,sadness
17489,sadness
25217,sadness
20645,happy
15165,happy
17115,sadness
25650,happy
13925,sadness
7945,happy
21627,sadness
23905,sadness
8543,happy
7878,sadness
12406,happy
1609,sadness
19764,sadness
8317,happy
20910,happy
13645,happy
20908,sadness
15232,sadness
9599,happy
19467,happy
285,happy
20607,sadness
28638,sadness
15071,sadness
6762,sadness
9372,happy
9267,sadness
14193,sadness
24590,happy
14130,sadness
23391,happy
18266,sadness
15448,happy
19659,happy
25366,sadness
23581,happy
451,sadness
18907,sadness
26238,happy
20418,happy
27079,sadness
15097,happy
21182,sadness
19823,sadness
20487,happy
11822,happy
17144,happy
26865,happy
9643,happy
13479,sadness
7264,sadness
23952,sadness
27675,happy
25225,happy
3237,sadness
22522,happy
23238,happy
8855,happy
10703,sadness
22150,happy
17126,happy
9274,sadness
8029,happy
22730,sadness
23496,sadness
11746,sadness
2828,sadness
19320,happy
19118,sadness
16465,sadness
19363,happy
17625,sadness
5994,sadness
18962,sadness
15455,happy
11191,happy
13459,sadness
28241,sadness
21048,happy
22302,happy
11159,sadness
8095,happy
8430,sadness
25510,sadness
24580,sadness
14523,happy
13526,happy
23947,happy
20674,happy
11336,happy
22111,sadness
15512,happy
12899,sadness
15661,sadness
27373,happy
9051,sadness
1125,happy
640,sadness
18448,happy
18206,happy
11854,sadness
6816,sadness
27148,happy
27082,happy
23999,sadness
10650,sadness
27371,happy
14782,happy
20333,sadness
17375,sadness
19818,happy
12153,sadness
8475,happy
8261,happy
2675,happy
8943,happy
26472,sadness
15009,sadness
11683,happy
430,sadness
19968,happy
10720,happy
15832,sadness
9719,sadness
15076,happy
18807,sadness
19372,sadness
26841,happy
20351,sadness
10488,sadness
28276,happy
23542,happy
13885,sadness
17968,sadness
27993,sadness
4864,sadness
22614,happy
17658,happy
27347,sadness
23018,happy
16859,sadness
15753,sadness
27294,happy
25827,sadness
7475,happy
14569,happy
20580,happy
19529,sadness
12221,happy
18676,sadness
19580,sadness
27111,happy
8122,happy
26460,sadness
24354,happy
22963,happy
24204,sadness
15158,happy
20258,happy
10436,happy
4804,sadness
5787,happy
22693,happy
22468,sadness
24752,happy
15857,happy
8632,sadness
21075,happy
12207,happy
17224,happy
23965,sadness
17778,happy
3804,happy
26113,sadness
21242,sadness
23852,sadness
27104,happy
4292,sadness
12209,sadness
15211,happy
20087,happy
10351,happy
15908,sadness
14465,sadness
14995,happy
24881,sadness
19163,happy
1188,sadness
19218,happy
13659,happy
7961,happy
25448,sadness
10793,sadness
17419,happy
13563,happy
195,sadness
26150,sadness
27167,happy
12323,sadness
19271,happy
25408,sadness
1173,happy
13129,happy
25748,happy
21034,sadness
26746,happy
27854,happy
17093,sadness
9833,happy
7163,sadness
26563,sadness
27797,happy
14283,sadness
23895,happy
15035,happy
7105,sadness
8434,happy
18143,happy
12478,happy
27856,happy
16551,happy
20365,happy
12729,sadness
24085,sadness
10587,happy
13639,sadness
22796,sadness
14031,happy
4418,happy
14561,happy
1153,sadness
19182,sadness
18040,happy
25006,happy
16010,happy
25212,happy
7479,sadness
23889,sadness
13802,happy
22596,happy
15484,sadness
24927,happy
14192,sadness
3724,sadness
12912,sadness
24529,sadness
16943,sadness
21124,sadness
770,happy
16491,happy
27714,happy
8383,sadness
20399,happy
27236,sadness
11974,sadness
19792,sadness
27403,sadness
22119,happy
4647,sadness
16164,sadness
15653,sadness
26810,happy
21290,sadness
20466,sadness
16246,sadness
15429,sadness
3882,sadness
20596,happy
2569,sadness
19914,happy
14025,happy
17331,sadness
12040,sadness
24233,sadness
24135,sadness
9647,happy
9238,happy
19025,sadness
12030,sadness
27786,happy
14633,happy
9653,sadness
23449,happy
28502,sadness
23908,happy
24859,happy
27043,sadness
18289,happy
637,happy
19600,happy
27452,happy
15883,sadness
16311,sadness
11500,happy
25325,happy
10697,happy
17580,happy
8974,sadness
6521,sadness
12449,sadness
17948,happy
19457,happy
13538,sadness
16863,sadness
5101,sadness
8287,happy
27665,sadness
13219,happy
24308,sadness
24068,happy
24783,happy
9015,sadness
9155,happy
23241,happy
16275,happy
27263,sadness
9639,sadness
15803,happy
9123,happy
8101,happy
4795,happy
9278,happy
4771,sadness
20828,sadness
28477,happy
19407,sadness
2077,sadness
19443,happy
8390,sadness
16013,happy
17871,happy
21395,sadness
14200,happy
24390,happy
15406,happy
14839,sadness
18188,sadness
12600,happy
18683,sadness
22823,happy
19927,happy
10311,sadness
25414,happy
27487,happy
27212,sadness
17142,happy
16411,sadness
24746,happy
21772,sadness
10276,happy
8504,happy
16505,happy
12041,sadness
27258,happy
18483,sadness
10059,sadness
10193,sadness
23786,sadness
14546,happy
16706,sadness
26479,happy
24953,sadness
24440,sadness
13494,sadness
21552,happy
371,happy
20128,sadness
16896,happy
24454,happy
18505,happy
8,happy
14662,happy
22194,sadness
11085,sadness
7959,happy
21815,happy
14948,happy
2175,happy
26753,happy
19706,sadness
20861,sadness
17010,sadness
14962,sadness
26352,sadness
9516,happy
8082,happy
14582,happy
7827,sadness
24310,happy
19657,happy
11533,happy
24957,sadness
315,happy
18728,sadness
20981,happy
6,sadness
15294,sadness
17770,sadness
27303,sadness
5108,sadness
25377,happy
25759,happy
9138,sadness
18367,sadness
15240,happy
27507,happy
24563,happy
1604,sadness
3206,happy
10675,sadness
4484,happy
5166,sadness
24043,happy
15475,happy
13716,sadness
22014,happy
17666,sadness
27433,sadness
16242,sadness
12690,happy
28069,sadness
14271,sadness
21590,happy
18286,sadness
8473,happy
20371,sadness
24750,happy
20379,happy
28262,happy
8121,sadness
13183,sadness
23856,happy
14251,happy
7173,sadness
1633,happy
26477,happy
1208,sadness
6644,happy
14191,sadness
21746,sadness
18102,sadness
10621,happy
11409,sadness
22104,sadness
20390,sadness
10525,happy
18987,happy
14566,sadness
15018,happy
12172,happy
20945,happy
28608,happy
28021,sadness
14880,sadness
14654,happy
8222,happy
18692,sadness
21052,happy
3075,sadness
2983,sadness
15858,sadness
26604,sadness
9618,happy
23452,sadness
25286,happy
2587,sadness
25342,happy
15411,sadness
8298,sadness
9921,happy
20286,sadness
11554,happy
2840,sadness
27528,happy
9454,sadness
21080,happy
15782,happy
4143,happy
7460,sadness
25049,happy
14055,happy
4238,sadness
15621,sadness
9935,happy
4210,sadness
41,sadness
18975,happy
1851,sadness
16366,sadness
28108,sadness
21305,happy
9445,sadness
26203,happy
8806,sadness
15185,happy
24933,happy
8235,sadness
15249,happy
16839,happy
8831,happy
14963,happy
22511,sadness
28174,happy
18452,sadness
14568,happy
20519,happy
6374,sadness
15744,happy
16663,sadness
4379,sadness
10807,happy
27180,happy
20838,happy
28273,happy
21180,sadness
23909,sadness
17615,happy
26644,happy
24526,sadness
10293,sadness
20704,happy
12857,sadness
3823,happy
25073,sadness
18541,happy
26633,sadness
26766,happy
24346,happy
8793,sadness
19033,sadness
8403,sadness
9912,sadness
7561,happy
9635,happy
26953,happy
13505,happy
7157,happy
11583,sadness
20946,happy
5016,sadness
18961,happy
10468,sadness
19880,sadness
10449,sadness
4267,sadness
20013,happy
18410,happy
17882,happy
26079,sadness
15613,sadness
7518,happy
13226,happy
4389,sadness
18540,sadness
16184,happy
6222,happy
14084,happy
18245,happy
17648,happy
58,sadness
10641,sadness
12982,happy
6984,sadness
18110,sadness
23552,sadness
17215,happy
18124,sadness
2101,happy
7723,happy
25982,happy
14892,sadness
27446,happy
1772,sadness
15095,happy
9605,happy
15789,sadness
22524,happy
24066,sadness
696,sadness
15577,happy
26006,sadness
16592,sadness
17657,happy
1263,sadness
27862,sadness
25837,happy
26934,happy
26624,sadness
11650,happy
12121,sadness
3972,sadness
196,happy
13076,happy
5217,sadness
23175,sadness
26660,happy
8447,happy
26231,sadness
26276,sadness
16573,happy
1686,sadness
23657,happy
27948,sadness
21788,happy
19192,happy
2261,sadness
19447,happy
2508,sadness
11183,happy
26872,happy
27784,sadness
5600,sadness
13074,happy
20378,sadness
20766,sadness
17962,happy
14226,sadness
18018,sadness
1526,happy
26963,happy
13901,happy
24109,happy
13877,happy
24334,happy
28657,happy
19505,happy
20807,happy
24336,sadness
11666,happy
9222,happy
14160,sadness
20429,sadness
2879,sadness
28581,sadness
20971,sadness
24910,happy
22738,happy
5228,happy
7084,sadness
7268,sadness
8723,happy
3059,happy
23541,sadness
23850,happy
9709,sadness
15831,sadness
17275,happy
25477,sadness
25076,happy
19885,happy
15415,happy
7986,happy
13560,happy
20080,sadness
15590,sadness
13867,happy
11996,sadness
15541,happy
8510,happy
9151,sadness
10344,happy
13053,happy
17914,sadness
28375,sadness
25726,sadness
8996,happy
9739,sadness
25056,happy
26856,happy
21757,sadness
26673,sadness
6137,happy
14884,happy
20173,sadness
21535,sadness
12668,happy
17389,happy
14933,happy
15748,sadness
6212,sadness
22220,sadness
21340,happy
18723,happy
14441,happy
16293,happy
19370,happy
13089,happy
12269,happy
11031,sadness
18752,happy
5480,sadness
20958,happy
21957,sadness
10995,happy
8376,happy
22716,sadness
12327,happy
19597,happy
21657,sadness
27036,happy
18655,happy
17867,happy
1353,sadness
10540,sadness
2989,happy
16975,happy
21237,sadness
26642,happy
26497,sadness
16081,happy
3893,sadness
14277,sadness
23960,sadness
2555,sadness
25487,sadness
23168,sadness
28200,sadness
2565,sadness
17029,sadness
22934,happy
21482,sadness
17690,sadness
14349,happy
13574,sadness
28073,sadness
14321,sadness
3491,sadness
23868,happy
12964,sadness
26991,happy
86,sadness
14932,sadness
1846,sadness
11079,happy
3078,sadness
22384,happy
19864,sadness
21209,happy
13448,sadness
8476,happy
10272,sadness
28424,sadness
26743,happy
14510,sadness
8164,sadness
20208,sadness
18086,happy
13228,happy
13388,sadness
20731,happy
18016,happy
24303,happy
26328,happy
24029,sadness
15815,sadness
2256,sadness
8138,happy
14161,sadness
10730,happy
6748,sadness
22412,happy
12024,happy
20221,happy
24027,happy
23619,happy
23958,happy
7473,sadness
17232,sadness
17109,sadness
15711,happy
27561,sadness
16008,happy
19812,sadness
22490,happy
14169,happy
18930,happy
24241,happy
23599,happy
27634,sadness
15092,sadness
25656,happy
27171,happy
27226,sadness
4705,sadness
3337,sadness
14319,happy
25429,happy
10398,sadness
21831,happy
11885,happy
22445,happy
22463,happy
9687,happy
23271,happy
21439,sadness
15432,sadness
9125,happy
27601,happy
17970,happy
13012,happy
16496,happy
25565,happy
24845,happy
23139,happy
10477,sadness
5776,happy
22903,happy
5262,sadness
13516,happy
16072,happy
26064,happy
4614,sadness
22808,sadness
25385,happy
17753,happy
3342,sadness
15522,happy
3567,happy
26110,happy
20762,sadness
11355,sadness
19312,sadness
13998,happy
24973,happy
13175,happy
21147,happy
22936,happy
11473,sadness
17908,happy
808,sadness
22353,happy
9298,happy
17924,happy
22444,happy
20503,sadness
24663,sadness
831,happy
8857,sadness
13697,sadness
3437,sadness
26060,happy
23135,happy
7783,happy
13911,sadness
24805,happy
8604,sadness
21364,sadness
4129,happy
19125,happy
26616,sadness
16022,happy
20114,happy
26346,happy
21059,sadness
19414,sadness
16063,happy
18300,sadness
5083,sadness
13741,happy
12141,happy
22395,happy
10877,sadness
27647,sadness
17480,happy
18493,happy
27603,happy
1067,happy
9073,sadness
17030,sadness
7993,sadness
27506,sadness
17089,happy
14765,happy
21236,happy
14006,happy
21312,happy
26849,happy
27851,happy
25987,happy
23070,happy
15402,sadness
23836,happy
21819,happy
417,sadness
22792,sadness
24057,sadness
14843,happy
11596,happy
3773,sadness
27089,sadness
9855,happy
19036,happy
12512,sadness
10722,happy
17455,happy
11340,sadness
1812,sadness
13387,sadness
28684,happy
27783,happy
8335,happy
19943,happy
8265,happy
10386,sadness
19748,happy
28105,happy
24592,happy
26567,happy
23855,sadness
12571,sadness
14682,sadness
17078,sadness
27035,sadness
10297,happy
10681,happy
24394,happy
14360,happy
6858,sadness
7762,happy
24263,sadness
22687,happy
21228,happy
8033,happy
12444,sadness
19205,sadness
5185,happy
13138,happy
19382,sadness
24724,sadness
18323,happy
3326,happy
3357,happy
10145,happy
13564,happy
27522,sadness
26982,happy
9385,happy
28191,sadness
11357,happy
24052,sadness
10106,happy
12464,happy
12717,happy
15409,happy
10453,sadness
14896,sadness
7555,happy
6657,happy
3692,happy
10769,sadness
22996,happy
7706,happy
26098,happy
3365,sadness
26609,happy
18547,sadness
25164,happy
1991,happy
15054,happy
4851,sadness
10368,happy
19,sadness
16131,happy
20551,happy
25456,happy
26080,happy
10892,sadness
26140,happy
23424,sadness
24658,happy
13143,happy
21539,sadness
16974,sadness
17242,happy
18453,sadness
16488,happy
1463,sadness
21379,happy
3352,sadness
27392,sadness
22744,sadness
22406,sadness
26608,happy
27160,happy
28194,happy
17184,happy
11515,happy
7671,happy
19109,sadness
16658,happy
22052,sadness
27260,happy
23020,sadness
11131,sadness
13726,sadness
13317,sadness
19856,happy
27905,happy
9286,sadness
9810,sadness
13578,happy
18361,sadness
12545,happy
22838,happy
10757,sadness
27345,sadness
27032,sadness
10639,sadness
3420,sadness
444,happy
11866,happy
7742,sadness
27913,sadness
214,happy
14425,sadness
2496,happy
20107,happy
12378,sadness
12943,sadness
19160,happy
20430,happy
19210,happy
5995,happy
17094,happy
19919,happy
9165,happy
3039,happy
11562,happy
20965,sadness
5755,happy
5676,sadness
11280,sadness
23163,happy
10828,sadness
6542,sadness
8529,happy
23736,happy
28622,happy
5257,sadness
13370,sadness
22757,sadness
12839,sadness
14997,happy
9459,happy
12344,happy
28413,happy
18428,happy
20334,happy
17221,happy
18066,sadness
25091,happy
4611,sadness
18494,sadness
25985,sadness
2590,sadness
28369,sadness
12593,happy
17554,sadness
5504,sadness
21649,sadness
13396,happy
6149,sadness
18400,happy
13383,sadness
28589,sadness
27578,sadness
1010,sadness
21158,sadness
4425,happy
28159,happy
28363,happy
27727,sadness
25413,happy
13469,happy
11597,happy
19219,happy
24038,sadness
24718,happy
16066,sadness
12001,happy
9750,sadness
12122,happy
22911,happy
11033,sadness
18173,happy
24353,sadness
13343,happy
16636,happy
18831,sadness
141,happy
19869,sadness
25211,sadness
28583,happy
12904,happy
11074,happy
20111,happy
364,happy
22844,happy
16444,sadness
15704,happy
19997,happy
9812,happy
15913,sadness
4761,sadness
22922,happy
12847,sadness
22568,happy
16567,happy
561,happy
14764,happy
15878,sadness
19535,sadness
7616,happy
14517,sadness
16635,sadness
27045,sadness
17333,happy
22276,happy
16752,sadness
27426,happy
2248,sadness
23453,happy
28133,happy
16458,happy
4941,happy
8097,happy
27836,sadness
27608,sadness
20527,sadness
12152,happy
16139,sadness
5642,sadness
23211,sadness
19400,happy
27203,sadness
10784,happy
19731,sadness
27718,sadness
9689,happy
24510,sadness
19215,happy
15515,happy
15205,happy
2007,sadness
25920,sadness
7901,happy
16160,happy
25059,sadness
18477,happy
13725,happy
22110,happy
18351,sadness
14336,sadness
12604,happy
19710,happy
12337,sadness
4729,happy
23971,happy
23054,sadness
2780,sadness
9531,sadness
12708,happy
2916,sadness
8691,sadness
28355,sadness
22450,happy
28099,sadness
24294,sadness
532,sadness
16697,happy
16760,sadness
18518,happy
20921,happy
21077,happy
28466,sadness
17966,happy
27693,sadness
13663,happy
6073,happy
18826,happy
231,sadness
11778,sadness
28362,sadness
20865,happy
13841,happy
5789,sadness
28376,sadness
28143,happy
22689,sadness
18101,sadness
27184,happy
8885,happy
22565,happy
23101,sadness
5666,happy
26675,sadness
27155,happy
10635,happy
14281,sadness
27865,happy
14737,sadness
17361,sadness
12351,happy
15812,sadness
9154,sadness
24861,happy
19144,sadness
7813,happy
12887,happy
27333,happy
4045,sadness
1531,sadness
6147,happy
8740,happy
18933,happy
24139,happy
27432,sadness
25494,sadness
5150,sadness
21937,happy
422,sadness
25444,happy
25830,sadness
6481,happy
14771,sadness
1563,sadness
21610,happy
12617,happy
9547,happy
7602,sadness
15523,sadness
24983,happy
24450,happy
15737,happy
12636,happy
5071,sadness
18756,happy
11857,happy
1461,happy
17597,sadness
7547,happy
14556,sadness
20393,sadness
23728,sadness
28512,happy
25310,happy
13065,sadness
23667,sadness
16106,happy
21810,sadness
15966,sadness
12085,happy
21460,happy
27694,sadness
18345,sadness
154,sadness
16597,happy
27628,happy
27030,sadness
7037,sadness
386,happy
19875,happy
531,happy
15853,happy
27468,sadness
26424,sadness
17763,sadness
9174,sadness
8086,happy
103,sadness
23435,happy
10891,sadness
24009,sadness
26581,sadness
4373,sadness
15189,sadness
14871,happy
2499,sadness
7692,happy
13333,sadness
19197,sadness
17032,sadness
26375,happy
16,happy
24602,happy
25981,happy
14227,happy
17240,happy
15560,sadness
28274,happy
27480,happy
15419,happy
17728,happy
18324,happy
1648,sadness
24906,happy
20501,sadness
8662,happy
11439,sadness
14397,sadness
11733,happy
27161,happy
25501,happy
17827,happy
13477,sadness
11549,sadness
21313,happy
13631,happy
13562,sadness
9636,happy
3548,happy
9967,sadness
16935,sadness
15346,happy
27779,happy
23471,happy
15784,happy
2838,sadness
11614,happy
4233,sadness
25454,sadness
16306,happy
27215,sadness
23630,happy
7676,sadness
22761,sadness
18842,sadness
16504,sadness
21336,sadness
15551,sadness
27607,happy
20655,happy
8098,sadness
10171,happy
24249,sadness
18710,happy
27547,happy
223,sadness
7407,sadness
10066,happy
10903,happy
13600,sadness
8659,sadness
24636,sadness
16239,happy
11068,sadness
23042,sadness
24275,happy
17757,sadness
8914,happy
18498,happy
26831,happy
4684,sadness
7373,sadness
21385,happy
9790,happy
28437,sadness
27539,sadness
20248,sadness
24417,sadness
23136,happy
22056,sadness
23969,happy
27755,happy
26147,happy
4914,happy
9713,sadness
13404,sadness
9899,happy
21671,sadness
28085,happy
17281,sadness
28500,sadness
7978,happy
23290,sadness
28656,happy
24162,sadness
24073,happy
26287,sadness
12114,sadness
25869,happy
25714,happy
26093,sadness
27241,sadness
20395,sadness
26909,happy
23726,happy
8303,happy
26806,sadness
5710,sadness
9497,sadness
7546,sadness
5057,sadness
14553,happy
20490,happy
17462,happy
10280,sadness
22790,happy
7567,sadness
14054,happy
27198,sadness
14157,happy
23936,sadness
16631,sadness
24536,happy
14399,happy
24487,happy
17381,happy
14097,happy
20397,sadness
8470,happy
22510,sadness
24889,happy
20792,sadness
21647,happy
19588,happy
16279,happy
17523,sadness
26836,happy
15428,sadness
10050,happy
26672,sadness
24917,sadness
11785,happy
12728,sadness
11582,sadness
19421,happy
9347,happy
15776,sadness
26398,sadness
15298,happy
21274,sadness
5224,happy
16334,happy
4662,sadness
5229,happy
21267,happy
13272,happy
26646,sadness
12462,sadness
13229,happy
20914,sadness
11313,sadness
19981,happy
7710,sadness
21709,happy
12926,sadness
22290,happy
16905,sadness
11507,happy
13584,happy
27757,happy
618,happy
4555,sadness
6087,happy
11990,happy
25933,happy
27368,happy
8191,happy
21419,happy
20460,sadness
16150,happy
16840,happy
8941,happy
21348,happy
10224,happy
15026,sadness
16356,sadness
19164,happy
10424,happy
13947,sadness
16900,happy
11356,happy
16938,sadness
25769,sadness
23763,happy
19250,sadness
8693,happy
24570,sadness
8455,happy
14262,happy
21783,happy
19573,sadness
26815,happy
16086,happy
9603,sadness
24583,sadness
11509,sadness
18852,sadness
13515,happy
11502,happy
7907,happy
26521,sadness
10555,happy
10331,happy
26977,sadness
20613,sadness
20046,happy
15212,happy
11793,happy
8953,sadness
26890,happy
385,happy
18514,happy
12730,happy
24199,happy
26506,happy
23426,sadness
16157,happy
23862,happy
28665,happy
27878,happy
10353,happy
13316,happy
16245,happy
9775,sadness
17194,happy
17789,happy
22574,happy
21963,sadness
22189,sadness
23342,happy
21053,happy
12437,happy
19565,happy
26260,happy
9455,happy
12562,happy
14040,sadness
8355,happy
24665,happy
21201,sadness
16832,sadness
14879,happy
13972,sadness
19524,happy
19945,sadness
9705,happy
11040,happy
26503,happy
24540,happy
27681,sadness
16200,happy
10405,happy
19542,sadness
19771,sadness
6007,sadness
24560,happy
343,sadness
12625,sadness
16272,sadness
25553,sadness
24572,happy
10289,sadness
23681,happy
18677,happy
562,sadness
5398,sadness
26670,happy
19139,happy
19783,happy
1420,sadness
18950,sadness
22819,happy
13793,sadness
17112,happy
17430,sadness
26976,happy
20599,happy
24559,sadness
7511,sadness
9486,sadness
15299,sadness
18061,happy
3031,sadness
20304,happy
8722,happy
13929,happy
21302,sadness
22764,sadness
13137,sadness
19768,happy
11210,sadness
11209,sadness
7948,happy
24129,happy
18895,sadness
334,happy
12267,sadness
7659,happy
17804,happy
14502,sadness
26297,sadness
8417,sadness
19068,sadness
19353,happy
10035,happy
24236,sadness
3450,sadness
25281,sadness
20330,happy
21149,sadness
7877,sadness
14318,happy
10515,sadness
13178,sadness
19063,sadness
17982,happy
21039,happy
6798,sadness
27343,sadness
4447,sadness
8477,happy
17671,happy
14433,happy
22817,sadness
5629,happy
6307,happy
3028,happy
22592,sadness
28008,happy
27869,sadness
12217,happy
10000,happy
15658,happy
28169,sadness
13234,sadness
11399,sadness
28157,sadness
15787,happy
27625,happy
10997,happy
13461,sadness
18662,happy
2485,sadness
28074,happy
18488,sadness
16562,happy
24007,sadness
13764,happy
27259,happy
17803,happy
2552,sadness
24492,happy
25236,sadness
21935,happy
10590,happy
82,happy
19137,sadness
20000,happy
17268,happy
23341,sadness
9413,happy
18047,happy
17996,happy
11242,happy
17655,happy
23476,happy
24784,sadness
14759,sadness
5115,sadness
22989,sadness
11284,sadness
2372,happy
20468,sadness
14198,happy
11144,happy
20552,happy
2582,sadness
23687,sadness
16135,happy
26873,happy
23063,happy
8836,happy
7647,happy
8044,sadness
27118,sadness
616,sadness
18701,sadness
15476,sadness
7119,sadness
18623,sadness
27661,happy
11966,sadness
21133,sadness
19082,sadness
7713,happy
8260,happy
9837,happy
9391,happy
9244,sadness
28192,sadness
18296,sadness
24874,happy
16383,sadness
6025,sadness
24945,sadness
24379,happy
16834,happy
5291,sadness
18729,happy
21145,sadness
21235,sadness
6068,happy
10680,happy
12000,happy
5033,happy
19857,sadness
21778,sadness
22521,sadness
28612,happy
20504,sadness
25002,happy
23400,sadness
5370,sadness
10098,happy
7928,happy
27903,happy
13056,happy
19976,sadness
14508,happy
8548,happy
25907,happy
17888,sadness
2942,sadness
8717,sadness
23180,happy
8731,sadness
20253,happy
15403,happy
4359,happy
5424,sadness
26254,sadness
7576,sadness
9631,happy
20455,sadness
8777,sadness
18282,happy
25145,happy
18927,sadness
15799,happy
23937,happy
4572,happy
12120,happy
4857,happy
16691,sadness
25794,happy
26538,sadness
9816,happy
10284,sadness
14183,happy
8955,sadness
26794,happy
19722,happy
21027,happy
27611,sadness
15151,sadness
20678,happy
23549,sadness
21542,happy
19127,sadness
21648,happy
18685,happy
20709,happy
11801,happy
23303,sadness
26925,sadness
7804,happy
11481,sadness
17187,happy
17830,sadness
15543,sadness
25154,happy
11415,sadness
2278,sadness
530,sadness
19494,sadness
20361,happy
15275,sadness
13032,sadness
28321,happy
22235,happy
25564,happy
540,happy
28295,sadness
7825,sadness
6369,sadness
8018,sadness
12648,happy
23353,sadness
27543,happy
9720,sadness
23411,sadness
23520,sadness
25821,happy
27670,sadness
11907,happy
17414,sadness
25218,sadness
8153,happy
27052,sadness
28017,sadness
28488,sadness
22805,happy
20074,happy
11685,happy
17884,happy
26871,happy
15320,happy
11691,happy
28562,happy
11352,sadness
6704,sadness
17602,sadness
10631,sadness
15161,happy
15707,happy
12611,happy
7621,sadness
22740,sadness
27407,happy
3082,sadness
12797,happy
28041,sadness
9122,happy
15239,sadness
317,sadness
18771,happy
19596,happy
17608,happy
1984,sadness
16487,sadness
12849,happy
12170,sadness
25111,sadness
18836,sadness
13943,happy
27640,happy
17984,sadness
11077,happy
13727,happy
20894,sadness
13917,happy
8036,happy
10683,happy
16278,sadness
26265,happy
25768,happy
4738,sadness
28348,sadness
11884,sadness
19509,sadness
10992,happy
9892,sadness
16455,sadness
8814,sadness
25733,happy
14822,happy
22732,sadness
8336,sadness
16408,sadness
18733,sadness
14223,happy
16838,sadness
25736,happy
13153,sadness
28377,happy
22804,happy
8116,sadness
9549,sadness
6574,sadness
2166,sadness
19879,happy
2785,sadness
2312,sadness
27587,happy
6994,sadness
18564,sadness
16125,sadness
24399,happy
28299,happy
28691,sadness
16861,happy
19613,happy
9256,sadness
22344,happy
16619,sadness
24871,sadness
13283,happy
10483,happy
15687,sadness
13106,sadness
11365,sadness
8966,happy
12111,sadness
16629,happy
24322,happy
23412,happy
